{
  "users": [
    {
      "userName": "sheila",
      "password": "parker",
      "email": "sheila@parker.com",
      "firstName": "Sheila",
      "lastname": "Parker",
      "gender": "f",
      "personID": "Sheila_Parker"
    }
  ],
  "persons": [
    {
      "firstName": "Sheila",
      "lastName": "Parker",
      "gender": "f",
      "personID": "Sheila_Parker",
      "descendant": "sheila"
    }
  ],
  "events": [
    {
      "eventType": "started family map",
      "personID": "Sheila_Parker",
      "city": "Salt Lake City",
      "country": "United States",
      "latitude": 40.7500,
      "longitude": -110.1167,
      "year": 2016,
      "descendant":"sheila",
      "eventID": "e5244e18-8fc6-4996-a457-aaa60c7ef066"
    }
  ]
}